,Frame,People in Frame,People in Group,Number of Group,detected_people,detected_people_in_group,detected_group,diff_people,diff_people_in_group,diff_group,miss_detected,false_detected,detected_accuracy,miss_rate,detected_group_accuracy,false_rate,dpeople_in_group_accuracy,
0,1,3,0,0,3,0,0,0,0,0,0,0,1.0,0.0,1.0,0.0,1.0,1.0
1,2,3,0,0,3,0,0,0,0,0,0,0,1.0,0.0,1.0,0.0,1.0,1.0
2,3,3,0,0,3,0,0,0,0,0,0,0,1.0,0.0,1.0,0.0,1.0,1.0
3,4,3,0,0,3,0,0,0,0,0,0,0,1.0,0.0,1.0,0.0,1.0,1.0
4,5,3,0,0,3,0,0,0,0,0,0,0,1.0,0.0,1.0,0.0,1.0,1.0
5,6,3,0,0,3,0,0,0,0,0,0,0,1.0,0.0,1.0,0.0,1.0,1.0
6,7,3,0,0,3,0,0,0,0,0,0,0,1.0,0.0,1.0,0.0,1.0,1.0
7,8,3,0,0,3,0,0,0,0,0,0,0,1.0,0.0,1.0,0.0,1.0,1.0
8,9,3,0,0,3,0,0,0,0,0,0,0,1.0,0.0,1.0,0.0,1.0,1.0
9,10,3,0,0,3,0,0,0,0,0,0,0,1.0,0.0,1.0,0.0,1.0,1.0
10,11,3,0,0,3,0,0,0,0,0,0,0,1.0,0.0,1.0,0.0,1.0,1.0
11,12,3,0,0,4,0,0,-1,0,0,0,1,1.3333333333333333,0.0,1.0,0.3333333333333333,1.0,1.0
12,13,3,0,0,4,0,0,-1,0,0,0,1,1.3333333333333333,0.0,1.0,0.3333333333333333,1.0,1.0
13,14,3,0,0,4,0,0,-1,0,0,0,1,1.3333333333333333,0.0,1.0,0.3333333333333333,1.0,1.0
14,15,3,0,0,4,0,0,-1,0,0,0,1,1.3333333333333333,0.0,1.0,0.3333333333333333,1.0,1.0
15,16,3,0,0,4,0,0,-1,0,0,0,1,1.3333333333333333,0.0,1.0,0.3333333333333333,1.0,1.0
16,17,3,0,0,4,0,0,-1,0,0,0,1,1.3333333333333333,0.0,1.0,0.3333333333333333,1.0,1.0
17,18,3,0,0,5,2,1,-2,-2,-1,0,2,1.6666666666666667,0.0,0.0,0.6666666666666666,0.0,
18,19,3,0,0,4,2,1,-1,-2,-1,0,1,1.3333333333333333,0.0,0.0,0.3333333333333333,0.0,
19,20,3,2,1,4,2,1,-1,0,0,0,1,1.3333333333333333,0.0,1.0,0.3333333333333333,1.0,
20,21,3,2,1,4,0,0,-1,2,1,0,1,1.3333333333333333,0.0,0.0,0.3333333333333333,0.0,
21,22,3,2,1,4,0,0,-1,2,1,0,1,1.3333333333333333,0.0,0.0,0.3333333333333333,0.0,
22,23,3,2,1,4,0,0,-1,2,1,0,1,1.3333333333333333,0.0,0.0,0.3333333333333333,0.0,
23,24,3,2,1,5,5,2,-2,-3,-1,0,2,1.6666666666666667,0.0,2.0,0.6666666666666666,2.5,
24,25,3,2,1,5,5,2,-2,-3,-1,0,2,1.6666666666666667,0.0,2.0,0.6666666666666666,2.5,
25,26,3,2,1,5,5,2,-2,-3,-1,0,2,1.6666666666666667,0.0,2.0,0.6666666666666666,2.5,
26,27,3,2,1,3,2,1,0,0,0,0,0,1.0,0.0,1.0,0.0,1.0,
27,28,4,2,1,4,2,1,0,0,0,0,0,1.0,0.0,1.0,0.0,1.0,
28,29,4,2,1,4,2,1,0,0,0,0,0,1.0,0.0,1.0,0.0,1.0,
29,30,4,2,1,4,4,2,0,-2,-1,0,0,1.0,0.0,2.0,0.0,2.0,
30,31,4,2,1,4,2,1,0,0,0,0,0,1.0,0.0,1.0,0.0,1.0,
31,32,5,4,2,3,2,1,2,2,1,2,0,0.6,0.4,0.5,0.0,0.5,
32,33,5,4,2,3,2,1,2,2,1,2,0,0.6,0.4,0.5,0.0,0.5,
33,34,5,4,2,3,2,1,2,2,1,2,0,0.6,0.4,0.5,0.0,0.5,
34,35,5,4,2,4,4,2,1,0,0,1,0,0.8,0.2,1.0,0.0,1.0,
35,36,5,4,2,3,2,1,2,2,1,2,0,0.6,0.4,0.5,0.0,0.5,
36,37,5,4,2,5,5,2,0,-1,0,0,0,1.0,0.0,1.0,0.0,1.25,
37,38,5,4,2,5,5,2,0,-1,0,0,0,1.0,0.0,1.0,0.0,1.25,
38,39,5,4,2,6,6,2,-1,-2,0,0,1,1.2,0.0,1.0,0.2,1.5,
39,40,5,4,2,5,4,2,0,0,0,0,0,1.0,0.0,1.0,0.0,1.0,
40,41,6,4,2,6,4,2,0,0,0,0,0,1.0,0.0,1.0,0.0,1.0,
41,42,6,4,2,6,4,2,0,0,0,0,0,1.0,0.0,1.0,0.0,1.0,
42,43,6,4,2,6,4,2,0,0,0,0,0,1.0,0.0,1.0,0.0,1.0,
43,44,6,4,2,5,2,1,1,2,1,1,0,0.8333333333333334,0.16666666666666666,0.5,0.0,0.5,
44,45,6,4,2,5,0,0,1,4,2,1,0,0.8333333333333334,0.16666666666666666,0.0,0.0,0.0,
45,46,6,4,2,5,0,0,1,4,2,1,0,0.8333333333333334,0.16666666666666666,0.0,0.0,0.0,
46,47,6,4,2,5,2,1,1,2,1,1,0,0.8333333333333334,0.16666666666666666,0.5,0.0,0.5,
47,48,6,4,2,5,0,0,1,4,2,1,0,0.8333333333333334,0.16666666666666666,0.0,0.0,0.0,
48,49,6,4,2,5,0,0,1,4,2,1,0,0.8333333333333334,0.16666666666666666,0.0,0.0,0.0,
49,50,6,4,2,5,0,0,1,4,2,1,0,0.8333333333333334,0.16666666666666666,0.0,0.0,0.0,
50,51,6,5,2,4,0,0,2,5,2,2,0,0.6666666666666666,0.3333333333333333,0.0,0.0,0.0,
51,52,6,5,2,4,0,0,2,5,2,2,0,0.6666666666666666,0.3333333333333333,0.0,0.0,0.0,
52,53,6,5,2,4,0,0,2,5,2,2,0,0.6666666666666666,0.3333333333333333,0.0,0.0,0.0,
53,54,6,5,2,4,0,0,2,5,2,2,0,0.6666666666666666,0.3333333333333333,0.0,0.0,0.0,
54,55,6,5,2,4,0,0,2,5,2,2,0,0.6666666666666666,0.3333333333333333,0.0,0.0,0.0,
55,56,6,5,2,4,0,0,2,5,2,2,0,0.6666666666666666,0.3333333333333333,0.0,0.0,0.0,
56,57,6,5,2,6,3,1,0,2,1,0,0,1.0,0.0,0.5,0.0,0.6,
57,58,6,5,2,5,2,1,1,3,1,1,0,0.8333333333333334,0.16666666666666666,0.5,0.0,0.4,
58,59,6,5,2,4,0,0,2,5,2,2,0,0.6666666666666666,0.3333333333333333,0.0,0.0,0.0,
59,60,6,5,2,5,2,1,1,3,1,1,0,0.8333333333333334,0.16666666666666666,0.5,0.0,0.4,
60,61,6,5,2,5,4,2,1,1,0,1,0,0.8333333333333334,0.16666666666666666,1.0,0.0,0.8,
61,62,6,5,2,5,4,2,1,1,0,1,0,0.8333333333333334,0.16666666666666666,1.0,0.0,0.8,
62,63,6,4,2,5,2,1,1,2,1,1,0,0.8333333333333334,0.16666666666666666,0.5,0.0,0.5,
63,64,6,4,2,6,5,2,0,-1,0,0,0,1.0,0.0,1.0,0.0,1.25,
64,65,6,4,2,6,4,2,0,0,0,0,0,1.0,0.0,1.0,0.0,1.0,
65,66,6,4,2,6,4,2,0,0,0,0,0,1.0,0.0,1.0,0.0,1.0,
66,67,6,4,2,6,4,2,0,0,0,0,0,1.0,0.0,1.0,0.0,1.0,
67,68,6,4,2,5,0,0,1,4,2,1,0,0.8333333333333334,0.16666666666666666,0.0,0.0,0.0,
68,69,6,4,2,5,0,0,1,4,2,1,0,0.8333333333333334,0.16666666666666666,0.0,0.0,0.0,
69,70,6,4,2,5,2,1,1,2,1,1,0,0.8333333333333334,0.16666666666666666,0.5,0.0,0.5,
70,71,6,4,2,5,2,1,1,2,1,1,0,0.8333333333333334,0.16666666666666666,0.5,0.0,0.5,
71,72,6,4,2,5,2,1,1,2,1,1,0,0.8333333333333334,0.16666666666666666,0.5,0.0,0.5,
72,73,6,4,2,5,2,1,1,2,1,1,0,0.8333333333333334,0.16666666666666666,0.5,0.0,0.5,
73,74,6,4,2,6,2,1,0,2,1,0,0,1.0,0.0,0.5,0.0,0.5,
74,75,6,4,2,5,0,0,1,4,2,1,0,0.8333333333333334,0.16666666666666666,0.0,0.0,0.0,
75,76,6,4,2,6,2,1,0,2,1,0,0,1.0,0.0,0.5,0.0,0.5,
76,77,6,4,2,6,2,1,0,2,1,0,0,1.0,0.0,0.5,0.0,0.5,
77,78,6,4,2,5,0,0,1,4,2,1,0,0.8333333333333334,0.16666666666666666,0.0,0.0,0.0,
78,79,6,4,2,5,2,1,1,2,1,1,0,0.8333333333333334,0.16666666666666666,0.5,0.0,0.5,
79,80,6,4,2,5,2,1,1,2,1,1,0,0.8333333333333334,0.16666666666666666,0.5,0.0,0.5,
80,81,7,4,2,5,2,1,2,2,1,2,0,0.7142857142857143,0.2857142857142857,0.5,0.0,0.5,
81,82,7,4,2,5,2,1,2,2,1,2,0,0.7142857142857143,0.2857142857142857,0.5,0.0,0.5,
82,83,7,4,2,5,2,1,2,2,1,2,0,0.7142857142857143,0.2857142857142857,0.5,0.0,0.5,
83,84,7,4,2,5,2,1,2,2,1,2,0,0.7142857142857143,0.2857142857142857,0.5,0.0,0.5,
84,85,7,4,2,5,2,1,2,2,1,2,0,0.7142857142857143,0.2857142857142857,0.5,0.0,0.5,
85,86,7,4,2,5,2,1,2,2,1,2,0,0.7142857142857143,0.2857142857142857,0.5,0.0,0.5,
86,87,7,4,2,5,2,1,2,2,1,2,0,0.7142857142857143,0.2857142857142857,0.5,0.0,0.5,
87,88,7,4,2,5,2,1,2,2,1,2,0,0.7142857142857143,0.2857142857142857,0.5,0.0,0.5,
88,89,7,4,2,5,2,1,2,2,1,2,0,0.7142857142857143,0.2857142857142857,0.5,0.0,0.5,
89,90,7,4,2,5,2,1,2,2,1,2,0,0.7142857142857143,0.2857142857142857,0.5,0.0,0.5,
90,91,7,4,2,5,2,1,2,2,1,2,0,0.7142857142857143,0.2857142857142857,0.5,0.0,0.5,
91,92,7,4,2,5,2,1,2,2,1,2,0,0.7142857142857143,0.2857142857142857,0.5,0.0,0.5,
92,93,7,4,2,5,2,1,2,2,1,2,0,0.7142857142857143,0.2857142857142857,0.5,0.0,0.5,
93,94,7,4,2,5,2,1,2,2,1,2,0,0.7142857142857143,0.2857142857142857,0.5,0.0,0.5,
94,95,7,4,2,5,2,1,2,2,1,2,0,0.7142857142857143,0.2857142857142857,0.5,0.0,0.5,
95,96,7,4,2,5,2,1,2,2,1,2,0,0.7142857142857143,0.2857142857142857,0.5,0.0,0.5,
96,97,7,4,2,5,2,1,2,2,1,2,0,0.7142857142857143,0.2857142857142857,0.5,0.0,0.5,
97,98,7,4,2,6,3,1,1,1,1,1,0,0.8571428571428571,0.14285714285714285,0.5,0.0,0.75,
98,99,7,4,2,5,2,1,2,2,1,2,0,0.7142857142857143,0.2857142857142857,0.5,0.0,0.5,
99,100,7,5,2,5,2,1,2,3,1,2,0,0.7142857142857143,0.2857142857142857,0.5,0.0,0.4,
100,101,7,5,2,5,4,2,2,1,0,2,0,0.7142857142857143,0.2857142857142857,1.0,0.0,0.8,
101,102,7,5,2,5,4,2,2,1,0,2,0,0.7142857142857143,0.2857142857142857,1.0,0.0,0.8,
102,103,7,5,2,5,4,2,2,1,0,2,0,0.7142857142857143,0.2857142857142857,1.0,0.0,0.8,
103,104,7,5,2,4,2,1,3,3,1,3,0,0.5714285714285714,0.42857142857142855,0.5,0.0,0.4,
104,105,7,5,2,4,2,1,3,3,1,3,0,0.5714285714285714,0.42857142857142855,0.5,0.0,0.4,
105,106,7,5,2,4,2,1,3,3,1,3,0,0.5714285714285714,0.42857142857142855,0.5,0.0,0.4,
106,107,7,5,2,5,4,2,2,1,0,2,0,0.7142857142857143,0.2857142857142857,1.0,0.0,0.8,
107,108,7,5,2,5,4,2,2,1,0,2,0,0.7142857142857143,0.2857142857142857,1.0,0.0,0.8,
108,109,7,4,2,5,2,1,2,2,1,2,0,0.7142857142857143,0.2857142857142857,0.5,0.0,0.5,
109,110,7,4,2,4,2,1,3,2,1,3,0,0.5714285714285714,0.42857142857142855,0.5,0.0,0.5,
110,111,7,4,2,4,2,1,3,2,1,3,0,0.5714285714285714,0.42857142857142855,0.5,0.0,0.5,
111,112,7,4,2,6,3,1,1,1,1,1,0,0.8571428571428571,0.14285714285714285,0.5,0.0,0.75,
112,113,7,4,2,5,2,1,2,2,1,2,0,0.7142857142857143,0.2857142857142857,0.5,0.0,0.5,
113,114,7,4,2,5,2,1,2,2,1,2,0,0.7142857142857143,0.2857142857142857,0.5,0.0,0.5,
114,115,8,4,2,5,2,1,3,2,1,3,0,0.625,0.375,0.5,0.0,0.5,
115,116,8,4,2,5,2,1,3,2,1,3,0,0.625,0.375,0.5,0.0,0.5,
116,117,8,4,2,6,2,1,2,2,1,2,0,0.75,0.25,0.5,0.0,0.5,
117,118,8,4,2,6,2,1,2,2,1,2,0,0.75,0.25,0.5,0.0,0.5,
118,119,8,4,2,6,2,1,2,2,1,2,0,0.75,0.25,0.5,0.0,0.5,
119,120,8,4,2,6,2,1,2,2,1,2,0,0.75,0.25,0.5,0.0,0.5,
120,121,8,4,2,6,2,1,2,2,1,2,0,0.75,0.25,0.5,0.0,0.5,
121,122,8,4,2,6,2,1,2,2,1,2,0,0.75,0.25,0.5,0.0,0.5,
122,123,8,4,2,6,2,1,2,2,1,2,0,0.75,0.25,0.5,0.0,0.5,
123,124,8,4,2,6,2,1,2,2,1,2,0,0.75,0.25,0.5,0.0,0.5,
124,125,8,4,2,6,2,1,2,2,1,2,0,0.75,0.25,0.5,0.0,0.5,
125,126,8,4,2,7,3,1,1,1,1,1,0,0.875,0.125,0.5,0.0,0.75,
126,127,8,4,2,8,4,1,0,0,1,0,0,1.0,0.0,0.5,0.0,1.0,
127,128,8,4,2,5,2,1,3,2,1,3,0,0.625,0.375,0.5,0.0,0.5,
128,129,8,4,2,6,2,1,2,2,1,2,0,0.75,0.25,0.5,0.0,0.5,
129,130,8,6,3,7,4,2,1,2,1,1,0,0.875,0.125,0.6666666666666666,0.0,0.6666666666666666,
130,131,8,6,3,5,2,1,3,4,2,3,0,0.625,0.375,0.3333333333333333,0.0,0.3333333333333333,
131,132,9,6,3,7,4,2,2,2,1,2,0,0.7777777777777778,0.2222222222222222,0.6666666666666666,0.0,0.6666666666666666,
132,133,9,4,2,5,4,2,4,0,0,4,0,0.5555555555555556,0.4444444444444444,1.0,0.0,1.0,
133,134,9,4,2,5,0,0,4,4,2,4,0,0.5555555555555556,0.4444444444444444,0.0,0.0,0.0,
134,135,9,4,2,6,0,0,3,4,2,3,0,0.6666666666666666,0.3333333333333333,0.0,0.0,0.0,
135,136,9,4,2,5,0,0,4,4,2,4,0,0.5555555555555556,0.4444444444444444,0.0,0.0,0.0,
136,137,9,4,2,5,0,0,4,4,2,4,0,0.5555555555555556,0.4444444444444444,0.0,0.0,0.0,
137,138,9,4,2,7,2,1,2,2,1,2,0,0.7777777777777778,0.2222222222222222,0.5,0.0,0.5,
138,139,9,4,2,6,4,2,3,0,0,3,0,0.6666666666666666,0.3333333333333333,1.0,0.0,1.0,
139,140,9,4,2,5,2,1,4,2,1,4,0,0.5555555555555556,0.4444444444444444,0.5,0.0,0.5,
140,141,9,6,3,6,2,1,3,4,2,3,0,0.6666666666666666,0.3333333333333333,0.3333333333333333,0.0,0.3333333333333333,
141,142,9,6,3,4,0,0,5,6,3,5,0,0.4444444444444444,0.5555555555555556,0.0,0.0,0.0,
142,143,9,4,2,6,0,0,3,4,2,3,0,0.6666666666666666,0.3333333333333333,0.0,0.0,0.0,
143,144,9,4,2,7,0,0,2,4,2,2,0,0.7777777777777778,0.2222222222222222,0.0,0.0,0.0,
144,145,9,4,2,9,3,1,0,1,1,0,0,1.0,0.0,0.5,0.0,0.75,
145,146,9,4,2,9,3,1,0,1,1,0,0,1.0,0.0,0.5,0.0,0.75,
146,147,9,4,2,9,3,1,0,1,1,0,0,1.0,0.0,0.5,0.0,0.75,
147,148,9,4,2,8,4,2,1,0,0,1,0,0.8888888888888888,0.1111111111111111,1.0,0.0,1.0,
148,149,9,4,2,6,2,1,3,2,1,3,0,0.6666666666666666,0.3333333333333333,0.5,0.0,0.5,
149,150,8,4,2,6,4,2,2,0,0,2,0,0.75,0.25,1.0,0.0,1.0,
150,151,8,4,2,5,2,1,3,2,1,3,0,0.625,0.375,0.5,0.0,0.5,
151,152,8,4,2,7,4,2,1,0,0,1,0,0.875,0.125,1.0,0.0,1.0,
152,153,8,4,2,6,2,1,2,2,1,2,0,0.75,0.25,0.5,0.0,0.5,
153,154,8,4,2,8,3,1,0,1,1,0,0,1.0,0.0,0.5,0.0,0.75,
154,155,8,4,2,7,2,1,1,2,1,1,0,0.875,0.125,0.5,0.0,0.5,
155,156,8,4,2,7,2,1,1,2,1,1,0,0.875,0.125,0.5,0.0,0.5,
156,157,8,4,2,7,3,1,1,1,1,1,0,0.875,0.125,0.5,0.0,0.75,
157,158,8,4,2,7,2,1,1,2,1,1,0,0.875,0.125,0.5,0.0,0.5,
158,159,8,4,2,7,2,1,1,2,1,1,0,0.875,0.125,0.5,0.0,0.5,
159,160,8,4,2,6,2,1,2,2,1,2,0,0.75,0.25,0.5,0.0,0.5,
160,161,8,4,2,7,4,2,1,0,0,1,0,0.875,0.125,1.0,0.0,1.0,
161,162,8,4,2,8,5,2,0,-1,0,0,0,1.0,0.0,1.0,0.0,1.25,
162,163,8,4,2,5,0,0,3,4,2,3,0,0.625,0.375,0.0,0.0,0.0,
163,164,8,4,2,5,0,0,3,4,2,3,0,0.625,0.375,0.0,0.0,0.0,
164,165,8,4,2,6,4,2,2,0,0,2,0,0.75,0.25,1.0,0.0,1.0,
165,166,8,4,2,7,5,2,1,-1,0,1,0,0.875,0.125,1.0,0.0,1.25,
166,167,8,4,2,6,2,1,2,2,1,2,0,0.75,0.25,0.5,0.0,0.5,
167,168,8,4,2,5,0,0,3,4,2,3,0,0.625,0.375,0.0,0.0,0.0,
168,169,8,4,2,4,0,0,4,4,2,4,0,0.5,0.5,0.0,0.0,0.0,
169,170,8,4,2,5,2,1,3,2,1,3,0,0.625,0.375,0.5,0.0,0.5,
170,171,8,2,1,6,4,2,2,-2,-1,2,0,0.75,0.25,2.0,0.0,2.0,
171,172,8,4,2,7,2,1,1,2,1,1,0,0.875,0.125,0.5,0.0,0.5,
172,173,8,4,2,6,2,1,2,2,1,2,0,0.75,0.25,0.5,0.0,0.5,
173,174,8,4,2,5,0,0,3,4,2,3,0,0.625,0.375,0.0,0.0,0.0,
174,175,7,2,1,5,0,0,2,2,1,2,0,0.7142857142857143,0.2857142857142857,0.0,0.0,0.0,
175,176,7,2,1,7,2,1,0,0,0,0,0,1.0,0.0,1.0,0.0,1.0,
176,177,7,2,1,7,2,1,0,0,0,0,0,1.0,0.0,1.0,0.0,1.0,
177,178,7,2,1,5,0,0,2,2,1,2,0,0.7142857142857143,0.2857142857142857,0.0,0.0,0.0,
178,179,7,2,1,5,0,0,2,2,1,2,0,0.7142857142857143,0.2857142857142857,0.0,0.0,0.0,
179,180,7,2,1,5,0,0,2,2,1,2,0,0.7142857142857143,0.2857142857142857,0.0,0.0,0.0,
180,181,7,2,1,6,0,0,1,2,1,1,0,0.8571428571428571,0.14285714285714285,0.0,0.0,0.0,
181,182,7,2,1,6,0,0,1,2,1,1,0,0.8571428571428571,0.14285714285714285,0.0,0.0,0.0,
182,183,7,2,1,6,0,0,1,2,1,1,0,0.8571428571428571,0.14285714285714285,0.0,0.0,0.0,
183,184,7,2,1,6,0,0,1,2,1,1,0,0.8571428571428571,0.14285714285714285,0.0,0.0,0.0,
184,185,7,2,1,5,0,0,2,2,1,2,0,0.7142857142857143,0.2857142857142857,0.0,0.0,0.0,
185,186,7,2,1,5,0,0,2,2,1,2,0,0.7142857142857143,0.2857142857142857,0.0,0.0,0.0,
186,187,7,2,1,6,0,0,1,2,1,1,0,0.8571428571428571,0.14285714285714285,0.0,0.0,0.0,
187,188,7,2,1,6,0,0,1,2,1,1,0,0.8571428571428571,0.14285714285714285,0.0,0.0,0.0,
188,189,7,2,1,5,0,0,2,2,1,2,0,0.7142857142857143,0.2857142857142857,0.0,0.0,0.0,
189,190,7,2,1,6,0,0,1,2,1,1,0,0.8571428571428571,0.14285714285714285,0.0,0.0,0.0,
190,191,7,2,1,6,0,0,1,2,1,1,0,0.8571428571428571,0.14285714285714285,0.0,0.0,0.0,
191,192,7,2,1,6,0,0,1,2,1,1,0,0.8571428571428571,0.14285714285714285,0.0,0.0,0.0,
192,193,7,2,1,6,0,0,1,2,1,1,0,0.8571428571428571,0.14285714285714285,0.0,0.0,0.0,
193,194,7,2,1,6,0,0,1,2,1,1,0,0.8571428571428571,0.14285714285714285,0.0,0.0,0.0,
194,195,7,2,1,6,0,0,1,2,1,1,0,0.8571428571428571,0.14285714285714285,0.0,0.0,0.0,
195,196,7,2,1,6,0,0,1,2,1,1,0,0.8571428571428571,0.14285714285714285,0.0,0.0,0.0,
196,197,7,2,1,6,0,0,1,2,1,1,0,0.8571428571428571,0.14285714285714285,0.0,0.0,0.0,
197,198,7,2,1,6,0,0,1,2,1,1,0,0.8571428571428571,0.14285714285714285,0.0,0.0,0.0,
198,199,7,2,1,6,0,0,1,2,1,1,0,0.8571428571428571,0.14285714285714285,0.0,0.0,0.0,
199,200,7,2,1,6,0,0,1,2,1,1,0,0.8571428571428571,0.14285714285714285,0.0,0.0,0.0,
200,201,7,2,1,7,2,1,0,0,0,0,0,1.0,0.0,1.0,0.0,1.0,
201,202,7,2,1,6,0,0,1,2,1,1,0,0.8571428571428571,0.14285714285714285,0.0,0.0,0.0,
202,203,7,2,1,6,0,0,1,2,1,1,0,0.8571428571428571,0.14285714285714285,0.0,0.0,0.0,
203,204,7,2,1,6,0,0,1,2,1,1,0,0.8571428571428571,0.14285714285714285,0.0,0.0,0.0,
204,205,7,2,1,5,0,0,2,2,1,2,0,0.7142857142857143,0.2857142857142857,0.0,0.0,0.0,
205,206,7,2,1,6,0,0,1,2,1,1,0,0.8571428571428571,0.14285714285714285,0.0,0.0,0.0,
206,207,7,2,1,6,0,0,1,2,1,1,0,0.8571428571428571,0.14285714285714285,0.0,0.0,0.0,
207,208,7,2,1,7,2,1,0,0,0,0,0,1.0,0.0,1.0,0.0,1.0,
208,209,7,2,1,5,2,1,2,0,0,2,0,0.7142857142857143,0.2857142857142857,1.0,0.0,1.0,
209,210,7,2,1,5,2,1,2,0,0,2,0,0.7142857142857143,0.2857142857142857,1.0,0.0,1.0,
210,211,7,2,1,5,2,1,2,0,0,2,0,0.7142857142857143,0.2857142857142857,1.0,0.0,1.0,
211,212,6,2,1,5,2,1,1,0,0,1,0,0.8333333333333334,0.16666666666666666,1.0,0.0,1.0,
212,213,6,2,1,5,2,1,1,0,0,1,0,0.8333333333333334,0.16666666666666666,1.0,0.0,1.0,
213,214,6,2,1,6,4,2,0,-2,-1,0,0,1.0,0.0,2.0,0.0,2.0,
214,215,6,2,1,6,4,2,0,-2,-1,0,0,1.0,0.0,2.0,0.0,2.0,
215,216,6,2,1,6,2,1,0,0,0,0,0,1.0,0.0,1.0,0.0,1.0,
216,217,6,2,1,6,2,1,0,0,0,0,0,1.0,0.0,1.0,0.0,1.0,
217,218,6,2,1,5,2,1,1,0,0,1,0,0.8333333333333334,0.16666666666666666,1.0,0.0,1.0,
218,219,7,2,1,6,2,1,1,0,0,1,0,0.8571428571428571,0.14285714285714285,1.0,0.0,1.0,
219,220,7,2,1,7,2,1,0,0,0,0,0,1.0,0.0,1.0,0.0,1.0,
220,221,7,2,1,7,2,1,0,0,0,0,0,1.0,0.0,1.0,0.0,1.0,
221,222,7,2,1,6,2,1,1,0,0,1,0,0.8571428571428571,0.14285714285714285,1.0,0.0,1.0,
222,223,6,2,1,6,2,1,0,0,0,0,0,1.0,0.0,1.0,0.0,1.0,
223,224,6,2,1,6,2,1,0,0,0,0,0,1.0,0.0,1.0,0.0,1.0,
224,225,6,2,1,6,2,1,0,0,0,0,0,1.0,0.0,1.0,0.0,1.0,
225,226,7,2,1,6,2,1,1,0,0,1,0,0.8571428571428571,0.14285714285714285,1.0,0.0,1.0,
226,227,7,2,1,6,2,1,1,0,0,1,0,0.8571428571428571,0.14285714285714285,1.0,0.0,1.0,
227,228,7,2,1,7,2,1,0,0,0,0,0,1.0,0.0,1.0,0.0,1.0,
228,229,7,2,1,6,0,0,1,2,1,1,0,0.8571428571428571,0.14285714285714285,0.0,0.0,0.0,
229,230,7,2,1,7,2,1,0,0,0,0,0,1.0,0.0,1.0,0.0,1.0,
230,231,7,2,1,7,2,1,0,0,0,0,0,1.0,0.0,1.0,0.0,1.0,
231,232,7,2,1,7,2,1,0,0,0,0,0,1.0,0.0,1.0,0.0,1.0,
232,233,7,2,1,7,2,1,0,0,0,0,0,1.0,0.0,1.0,0.0,1.0,
233,234,7,2,1,7,2,1,0,0,0,0,0,1.0,0.0,1.0,0.0,1.0,
234,235,7,2,1,7,2,1,0,0,0,0,0,1.0,0.0,1.0,0.0,1.0,
235,236,7,2,1,7,2,1,0,0,0,0,0,1.0,0.0,1.0,0.0,1.0,
236,237,7,2,1,7,2,1,0,0,0,0,0,1.0,0.0,1.0,0.0,1.0,
237,238,7,2,1,7,2,1,0,0,0,0,0,1.0,0.0,1.0,0.0,1.0,
238,239,7,2,1,7,2,1,0,0,0,0,0,1.0,0.0,1.0,0.0,1.0,
239,240,7,2,1,8,3,1,-1,-1,0,0,1,1.1428571428571428,0.0,1.0,0.14285714285714285,1.5,
240,241,7,2,1,7,2,1,0,0,0,0,0,1.0,0.0,1.0,0.0,1.0,
241,242,7,2,1,7,2,1,0,0,0,0,0,1.0,0.0,1.0,0.0,1.0,
242,243,7,2,1,7,2,1,0,0,0,0,0,1.0,0.0,1.0,0.0,1.0,
243,244,7,2,1,7,2,1,0,0,0,0,0,1.0,0.0,1.0,0.0,1.0,
244,245,7,2,1,7,2,1,0,0,0,0,0,1.0,0.0,1.0,0.0,1.0,
245,246,7,2,1,7,2,1,0,0,0,0,0,1.0,0.0,1.0,0.0,1.0,
246,247,7,2,1,7,2,1,0,0,0,0,0,1.0,0.0,1.0,0.0,1.0,
247,248,7,2,1,7,2,1,0,0,0,0,0,1.0,0.0,1.0,0.0,1.0,
248,249,7,2,1,7,2,1,0,0,0,0,0,1.0,0.0,1.0,0.0,1.0,
249,250,7,2,1,7,2,1,0,0,0,0,0,1.0,0.0,1.0,0.0,1.0,
250,251,7,2,1,7,2,1,0,0,0,0,0,1.0,0.0,1.0,0.0,1.0,
251,252,7,2,1,7,2,1,0,0,0,0,0,1.0,0.0,1.0,0.0,1.0,
252,253,7,2,1,7,2,1,0,0,0,0,0,1.0,0.0,1.0,0.0,1.0,
253,254,7,2,1,8,3,1,-1,-1,0,0,1,1.1428571428571428,0.0,1.0,0.14285714285714285,1.5,
254,255,7,2,1,7,2,1,0,0,0,0,0,1.0,0.0,1.0,0.0,1.0,
255,256,7,2,1,8,3,1,-1,-1,0,0,1,1.1428571428571428,0.0,1.0,0.14285714285714285,1.5,
256,257,7,2,1,7,2,1,0,0,0,0,0,1.0,0.0,1.0,0.0,1.0,
257,258,7,2,1,8,3,1,-1,-1,0,0,1,1.1428571428571428,0.0,1.0,0.14285714285714285,1.5,
258,259,7,2,1,7,2,1,0,0,0,0,0,1.0,0.0,1.0,0.0,1.0,
259,260,7,2,1,7,2,1,0,0,0,0,0,1.0,0.0,1.0,0.0,1.0,
260,261,7,2,1,6,0,0,1,2,1,1,0,0.8571428571428571,0.14285714285714285,0.0,0.0,0.0,
261,262,7,2,1,7,2,1,0,0,0,0,0,1.0,0.0,1.0,0.0,1.0,
262,263,7,2,1,7,2,1,0,0,0,0,0,1.0,0.0,1.0,0.0,1.0,
263,264,7,2,1,7,2,1,0,0,0,0,0,1.0,0.0,1.0,0.0,1.0,
264,265,7,2,1,7,2,1,0,0,0,0,0,1.0,0.0,1.0,0.0,1.0,
265,266,7,2,1,7,2,1,0,0,0,0,0,1.0,0.0,1.0,0.0,1.0,
266,267,7,2,1,7,2,1,0,0,0,0,0,1.0,0.0,1.0,0.0,1.0,
267,268,7,2,1,7,2,1,0,0,0,0,0,1.0,0.0,1.0,0.0,1.0,
268,269,7,2,1,7,2,1,0,0,0,0,0,1.0,0.0,1.0,0.0,1.0,
269,270,7,2,1,6,2,1,1,0,0,1,0,0.8571428571428571,0.14285714285714285,1.0,0.0,1.0,
270,271,7,2,1,6,2,1,1,0,0,1,0,0.8571428571428571,0.14285714285714285,1.0,0.0,1.0,
271,272,7,2,1,6,2,1,1,0,0,1,0,0.8571428571428571,0.14285714285714285,1.0,0.0,1.0,
272,273,7,2,1,6,2,1,1,0,0,1,0,0.8571428571428571,0.14285714285714285,1.0,0.0,1.0,
273,274,7,2,1,6,2,1,1,0,0,1,0,0.8571428571428571,0.14285714285714285,1.0,0.0,1.0,
274,275,7,2,1,7,2,1,0,0,0,0,0,1.0,0.0,1.0,0.0,1.0,
275,276,7,2,1,7,2,1,0,0,0,0,0,1.0,0.0,1.0,0.0,1.0,
276,277,7,2,1,7,2,1,0,0,0,0,0,1.0,0.0,1.0,0.0,1.0,
277,278,7,2,1,7,2,1,0,0,0,0,0,1.0,0.0,1.0,0.0,1.0,
278,279,7,2,1,7,2,1,0,0,0,0,0,1.0,0.0,1.0,0.0,1.0,
279,280,7,2,1,8,4,2,-1,-2,-1,0,1,1.1428571428571428,0.0,2.0,0.14285714285714285,2.0,
280,281,7,2,1,8,4,2,-1,-2,-1,0,1,1.1428571428571428,0.0,2.0,0.14285714285714285,2.0,
281,282,7,2,1,8,4,2,-1,-2,-1,0,1,1.1428571428571428,0.0,2.0,0.14285714285714285,2.0,
282,283,7,2,1,7,2,1,0,0,0,0,0,1.0,0.0,1.0,0.0,1.0,
283,284,7,2,1,7,2,1,0,0,0,0,0,1.0,0.0,1.0,0.0,1.0,
284,285,7,2,1,7,2,1,0,0,0,0,0,1.0,0.0,1.0,0.0,1.0,
285,286,7,2,1,7,2,1,0,0,0,0,0,1.0,0.0,1.0,0.0,1.0,
286,287,7,2,1,7,2,1,0,0,0,0,0,1.0,0.0,1.0,0.0,1.0,
287,288,7,2,1,7,2,1,0,0,0,0,0,1.0,0.0,1.0,0.0,1.0,
288,289,6,2,1,6,2,1,0,0,0,0,0,1.0,0.0,1.0,0.0,1.0,
289,290,6,2,1,6,2,1,0,0,0,0,0,1.0,0.0,1.0,0.0,1.0,
290,291,6,2,1,6,2,1,0,0,0,0,0,1.0,0.0,1.0,0.0,1.0,
291,292,6,2,1,6,4,2,0,-2,-1,0,0,1.0,0.0,2.0,0.0,2.0,
292,293,6,2,1,6,4,2,0,-2,-1,0,0,1.0,0.0,2.0,0.0,2.0,
293,294,6,2,1,7,5,2,-1,-3,-1,0,1,1.1666666666666667,0.0,2.0,0.16666666666666666,2.5,
294,295,6,2,1,5,2,1,1,0,0,1,0,0.8333333333333334,0.16666666666666666,1.0,0.0,1.0,
295,296,6,2,1,5,2,1,1,0,0,1,0,0.8333333333333334,0.16666666666666666,1.0,0.0,1.0,
296,297,6,2,1,6,4,2,0,-2,-1,0,0,1.0,0.0,2.0,0.0,2.0,
297,298,6,2,1,6,4,2,0,-2,-1,0,0,1.0,0.0,2.0,0.0,2.0,
298,299,6,2,1,6,4,2,0,-2,-1,0,0,1.0,0.0,2.0,0.0,2.0,
299,300,6,2,1,6,2,1,0,0,0,0,0,1.0,0.0,1.0,0.0,1.0,
300,301,6,2,1,6,2,1,0,0,0,0,0,1.0,0.0,1.0,0.0,1.0,
301,302,6,2,1,6,0,0,0,2,1,0,0,1.0,0.0,0.0,0.0,0.0,
302,303,6,4,2,5,2,1,1,2,1,1,0,0.8333333333333334,0.16666666666666666,0.5,0.0,0.5,
303,304,6,4,2,5,2,1,1,2,1,1,0,0.8333333333333334,0.16666666666666666,0.5,0.0,0.5,
304,305,6,4,2,5,2,1,1,2,1,1,0,0.8333333333333334,0.16666666666666666,0.5,0.0,0.5,
305,306,6,4,2,5,2,1,1,2,1,1,0,0.8333333333333334,0.16666666666666666,0.5,0.0,0.5,
306,307,6,4,2,6,4,2,0,0,0,0,0,1.0,0.0,1.0,0.0,1.0,
307,308,6,2,1,6,4,2,0,-2,-1,0,0,1.0,0.0,2.0,0.0,2.0,
308,309,6,2,1,6,2,1,0,0,0,0,0,1.0,0.0,1.0,0.0,1.0,
309,310,6,4,2,6,2,1,0,2,1,0,0,1.0,0.0,0.5,0.0,0.5,
310,311,6,4,2,6,2,1,0,2,1,0,0,1.0,0.0,0.5,0.0,0.5,
311,312,6,4,2,6,2,1,0,2,1,0,0,1.0,0.0,0.5,0.0,0.5,
312,313,6,4,2,6,4,2,0,0,0,0,0,1.0,0.0,1.0,0.0,1.0,
313,314,6,4,2,5,2,1,1,2,1,1,0,0.8333333333333334,0.16666666666666666,0.5,0.0,0.5,
314,315,6,4,2,5,2,1,1,2,1,1,0,0.8333333333333334,0.16666666666666666,0.5,0.0,0.5,
315,316,6,4,2,6,4,2,0,0,0,0,0,1.0,0.0,1.0,0.0,1.0,
316,317,6,4,2,6,4,2,0,0,0,0,0,1.0,0.0,1.0,0.0,1.0,
317,318,6,4,2,5,4,2,1,0,0,1,0,0.8333333333333334,0.16666666666666666,1.0,0.0,1.0,
318,319,6,2,1,5,4,2,1,-2,-1,1,0,0.8333333333333334,0.16666666666666666,2.0,0.0,2.0,
319,320,6,2,1,5,2,1,1,0,0,1,0,0.8333333333333334,0.16666666666666666,1.0,0.0,1.0,
320,321,6,2,1,5,2,1,1,0,0,1,0,0.8333333333333334,0.16666666666666666,1.0,0.0,1.0,
321,322,6,2,1,6,2,1,0,0,0,0,0,1.0,0.0,1.0,0.0,1.0,
322,323,6,2,1,6,2,1,0,0,0,0,0,1.0,0.0,1.0,0.0,1.0,
323,324,6,2,1,6,2,1,0,0,0,0,0,1.0,0.0,1.0,0.0,1.0,
324,325,6,2,1,6,2,1,0,0,0,0,0,1.0,0.0,1.0,0.0,1.0,
325,326,6,2,1,6,2,1,0,0,0,0,0,1.0,0.0,1.0,0.0,1.0,
326,327,6,2,1,6,4,2,0,-2,-1,0,0,1.0,0.0,2.0,0.0,2.0,
327,328,6,2,1,6,4,2,0,-2,-1,0,0,1.0,0.0,2.0,0.0,2.0,
328,329,6,2,1,6,4,2,0,-2,-1,0,0,1.0,0.0,2.0,0.0,2.0,
329,330,6,2,1,6,2,1,0,0,0,0,0,1.0,0.0,1.0,0.0,1.0,
330,331,6,2,1,6,4,2,0,-2,-1,0,0,1.0,0.0,2.0,0.0,2.0,
331,332,6,2,1,6,4,2,0,-2,-1,0,0,1.0,0.0,2.0,0.0,2.0,
332,333,6,2,1,6,4,2,0,-2,-1,0,0,1.0,0.0,2.0,0.0,2.0,
333,334,6,2,1,6,4,2,0,-2,-1,0,0,1.0,0.0,2.0,0.0,2.0,
334,335,6,2,1,6,4,2,0,-2,-1,0,0,1.0,0.0,2.0,0.0,2.0,
335,336,6,2,1,6,2,1,0,0,0,0,0,1.0,0.0,1.0,0.0,1.0,
336,337,6,2,1,6,2,1,0,0,0,0,0,1.0,0.0,1.0,0.0,1.0,
337,338,6,2,1,6,2,1,0,0,0,0,0,1.0,0.0,1.0,0.0,1.0,
338,339,6,2,1,5,2,1,1,0,0,1,0,0.8333333333333334,0.16666666666666666,1.0,0.0,1.0,
339,340,6,2,1,5,2,1,1,0,0,1,0,0.8333333333333334,0.16666666666666666,1.0,0.0,1.0,
340,341,6,2,1,5,2,1,1,0,0,1,0,0.8333333333333334,0.16666666666666666,1.0,0.0,1.0,
341,342,6,4,2,5,2,1,1,2,1,1,0,0.8333333333333334,0.16666666666666666,0.5,0.0,0.5,
342,343,6,4,2,6,4,2,0,0,0,0,0,1.0,0.0,1.0,0.0,1.0,
343,344,6,4,2,6,4,2,0,0,0,0,0,1.0,0.0,1.0,0.0,1.0,
344,345,6,4,2,5,2,1,1,2,1,1,0,0.8333333333333334,0.16666666666666666,0.5,0.0,0.5,
345,346,6,4,2,4,2,1,2,2,1,2,0,0.6666666666666666,0.3333333333333333,0.5,0.0,0.5,
346,347,6,4,2,5,2,1,1,2,1,1,0,0.8333333333333334,0.16666666666666666,0.5,0.0,0.5,
347,348,6,2,1,6,4,2,0,-2,-1,0,0,1.0,0.0,2.0,0.0,2.0,
348,349,6,2,1,5,2,1,1,0,0,1,0,0.8333333333333334,0.16666666666666666,1.0,0.0,1.0,
349,350,6,2,1,5,2,1,1,0,0,1,0,0.8333333333333334,0.16666666666666666,1.0,0.0,1.0,
350,351,6,4,2,5,4,2,1,0,0,1,0,0.8333333333333334,0.16666666666666666,1.0,0.0,1.0,
351,352,6,4,2,5,2,1,1,2,1,1,0,0.8333333333333334,0.16666666666666666,0.5,0.0,0.5,
352,353,6,4,2,5,2,1,1,2,1,1,0,0.8333333333333334,0.16666666666666666,0.5,0.0,0.5,
353,354,6,4,2,3,0,0,3,4,2,3,0,0.5,0.5,0.0,0.0,0.0,
354,355,6,4,2,3,0,0,3,4,2,3,0,0.5,0.5,0.0,0.0,0.0,
355,356,6,4,2,4,2,1,2,2,1,2,0,0.6666666666666666,0.3333333333333333,0.5,0.0,0.5,
356,357,6,4,2,4,2,1,2,2,1,2,0,0.6666666666666666,0.3333333333333333,0.5,0.0,0.5,
357,358,6,2,1,5,2,1,1,0,0,1,0,0.8333333333333334,0.16666666666666666,1.0,0.0,1.0,
358,359,6,2,1,4,0,0,2,2,1,2,0,0.6666666666666666,0.3333333333333333,0.0,0.0,0.0,
359,360,6,2,1,6,2,1,0,0,0,0,0,1.0,0.0,1.0,0.0,1.0,
360,361,6,2,1,6,2,1,0,0,0,0,0,1.0,0.0,1.0,0.0,1.0,
361,362,6,2,1,6,2,1,0,0,0,0,0,1.0,0.0,1.0,0.0,1.0,
362,363,6,2,1,5,2,1,1,0,0,1,0,0.8333333333333334,0.16666666666666666,1.0,0.0,1.0,
363,364,6,2,1,6,2,1,0,0,0,0,0,1.0,0.0,1.0,0.0,1.0,
364,365,5,0,0,5,0,0,0,0,0,0,0,1.0,0.0,1.0,0.0,1.0,1.0
365,366,5,0,0,5,0,0,0,0,0,0,0,1.0,0.0,1.0,0.0,1.0,1.0
366,367,5,0,0,5,0,0,0,0,0,0,0,1.0,0.0,1.0,0.0,1.0,1.0
367,368,5,0,0,5,0,0,0,0,0,0,0,1.0,0.0,1.0,0.0,1.0,1.0
368,369,5,0,0,5,0,0,0,0,0,0,0,1.0,0.0,1.0,0.0,1.0,1.0
369,370,5,0,0,5,0,0,0,0,0,0,0,1.0,0.0,1.0,0.0,1.0,1.0
370,371,4,0,0,5,0,0,-1,0,0,0,1,1.25,0.0,1.0,0.25,1.0,1.0
371,372,4,0,0,5,0,0,-1,0,0,0,1,1.25,0.0,1.0,0.25,1.0,1.0
372,373,4,0,0,4,0,0,0,0,0,0,0,1.0,0.0,1.0,0.0,1.0,1.0
373,374,4,0,0,4,0,0,0,0,0,0,0,1.0,0.0,1.0,0.0,1.0,1.0
374,375,4,0,0,4,0,0,0,0,0,0,0,1.0,0.0,1.0,0.0,1.0,1.0
375,376,4,0,0,4,0,0,0,0,0,0,0,1.0,0.0,1.0,0.0,1.0,1.0
376,377,4,0,0,4,0,0,0,0,0,0,0,1.0,0.0,1.0,0.0,1.0,1.0
377,378,4,0,0,4,0,0,0,0,0,0,0,1.0,0.0,1.0,0.0,1.0,1.0
378,379,4,0,0,4,0,0,0,0,0,0,0,1.0,0.0,1.0,0.0,1.0,1.0
379,380,4,0,0,4,0,0,0,0,0,0,0,1.0,0.0,1.0,0.0,1.0,1.0
380,381,4,0,0,4,0,0,0,0,0,0,0,1.0,0.0,1.0,0.0,1.0,1.0
381,382,4,0,0,5,2,1,-1,-2,-1,0,1,1.25,0.0,0.0,0.25,0.0,
382,383,4,0,0,3,0,0,1,0,0,1,0,0.75,0.25,1.0,0.0,1.0,1.0
383,384,4,0,0,4,0,0,0,0,0,0,0,1.0,0.0,1.0,0.0,1.0,1.0
384,385,4,0,0,4,0,0,0,0,0,0,0,1.0,0.0,1.0,0.0,1.0,1.0
385,386,4,0,0,4,0,0,0,0,0,0,0,1.0,0.0,1.0,0.0,1.0,1.0
386,387,4,0,0,4,0,0,0,0,0,0,0,1.0,0.0,1.0,0.0,1.0,1.0
387,388,4,0,0,4,0,0,0,0,0,0,0,1.0,0.0,1.0,0.0,1.0,1.0
388,389,4,0,0,4,0,0,0,0,0,0,0,1.0,0.0,1.0,0.0,1.0,1.0
389,390,4,0,0,4,0,0,0,0,0,0,0,1.0,0.0,1.0,0.0,1.0,1.0
390,391,4,0,0,4,0,0,0,0,0,0,0,1.0,0.0,1.0,0.0,1.0,1.0
391,392,4,0,0,4,0,0,0,0,0,0,0,1.0,0.0,1.0,0.0,1.0,1.0
392,393,4,0,0,4,0,0,0,0,0,0,0,1.0,0.0,1.0,0.0,1.0,1.0
393,394,3,0,0,4,0,0,-1,0,0,0,1,1.3333333333333333,0.0,1.0,0.3333333333333333,1.0,1.0
394,395,3,0,0,4,0,0,-1,0,0,0,1,1.3333333333333333,0.0,1.0,0.3333333333333333,1.0,1.0
395,396,3,0,0,3,0,0,0,0,0,0,0,1.0,0.0,1.0,0.0,1.0,1.0
396,397,3,0,0,3,0,0,0,0,0,0,0,1.0,0.0,1.0,0.0,1.0,1.0
397,398,3,0,0,3,0,0,0,0,0,0,0,1.0,0.0,1.0,0.0,1.0,1.0
398,399,3,0,0,3,0,0,0,0,0,0,0,1.0,0.0,1.0,0.0,1.0,1.0
399,400,3,0,0,3,0,0,0,0,0,0,0,1.0,0.0,1.0,0.0,1.0,1.0
400,401,3,0,0,3,0,0,0,0,0,0,0,1.0,0.0,1.0,0.0,1.0,1.0
401,402,3,0,0,3,0,0,0,0,0,0,0,1.0,0.0,1.0,0.0,1.0,1.0
402,403,3,0,0,3,0,0,0,0,0,0,0,1.0,0.0,1.0,0.0,1.0,1.0
403,404,2,0,0,3,0,0,-1,0,0,0,1,1.5,0.0,1.0,0.5,1.0,1.0
404,405,2,0,0,2,0,0,0,0,0,0,0,1.0,0.0,1.0,0.0,1.0,1.0
405,406,2,0,0,2,0,0,0,0,0,0,0,1.0,0.0,1.0,0.0,1.0,1.0
406,407,2,0,0,2,0,0,0,0,0,0,0,1.0,0.0,1.0,0.0,1.0,1.0
407,408,2,0,0,2,0,0,0,0,0,0,0,1.0,0.0,1.0,0.0,1.0,1.0
408,409,2,0,0,2,0,0,0,0,0,0,0,1.0,0.0,1.0,0.0,1.0,1.0
409,410,2,0,0,2,0,0,0,0,0,0,0,1.0,0.0,1.0,0.0,1.0,1.0
410,411,2,0,0,2,0,0,0,0,0,0,0,1.0,0.0,1.0,0.0,1.0,1.0
411,412,2,0,0,2,0,0,0,0,0,0,0,1.0,0.0,1.0,0.0,1.0,1.0
412,413,2,0,0,2,0,0,0,0,0,0,0,1.0,0.0,1.0,0.0,1.0,1.0
413,414,2,0,0,2,0,0,0,0,0,0,0,1.0,0.0,1.0,0.0,1.0,1.0
414,415,2,0,0,2,0,0,0,0,0,0,0,1.0,0.0,1.0,0.0,1.0,1.0
415,416,2,0,0,2,0,0,0,0,0,0,0,1.0,0.0,1.0,0.0,1.0,1.0
416,417,2,0,0,2,0,0,0,0,0,0,0,1.0,0.0,1.0,0.0,1.0,1.0
417,418,2,0,0,2,0,0,0,0,0,0,0,1.0,0.0,1.0,0.0,1.0,1.0
418,419,2,0,0,2,0,0,0,0,0,0,0,1.0,0.0,1.0,0.0,1.0,1.0
419,420,2,0,0,2,0,0,0,0,0,0,0,1.0,0.0,1.0,0.0,1.0,1.0
420,421,2,0,0,3,0,0,-1,0,0,0,1,1.5,0.0,1.0,0.5,1.0,1.0
421,422,2,0,0,3,0,0,-1,0,0,0,1,1.5,0.0,1.0,0.5,1.0,1.0
422,423,3,0,0,3,0,0,0,0,0,0,0,1.0,0.0,1.0,0.0,1.0,1.0
423,424,3,0,0,3,0,0,0,0,0,0,0,1.0,0.0,1.0,0.0,1.0,1.0
424,425,3,0,0,3,0,0,0,0,0,0,0,1.0,0.0,1.0,0.0,1.0,1.0
425,426,3,0,0,3,0,0,0,0,0,0,0,1.0,0.0,1.0,0.0,1.0,1.0
426,427,3,0,0,3,0,0,0,0,0,0,0,1.0,0.0,1.0,0.0,1.0,1.0
427,428,3,0,0,3,0,0,0,0,0,0,0,1.0,0.0,1.0,0.0,1.0,1.0
428,429,3,0,0,3,0,0,0,0,0,0,0,1.0,0.0,1.0,0.0,1.0,1.0
429,430,3,0,0,3,0,0,0,0,0,0,0,1.0,0.0,1.0,0.0,1.0,1.0
430,431,3,0,0,3,0,0,0,0,0,0,0,1.0,0.0,1.0,0.0,1.0,1.0
431,432,3,0,0,3,0,0,0,0,0,0,0,1.0,0.0,1.0,0.0,1.0,1.0
432,433,3,0,0,3,0,0,0,0,0,0,0,1.0,0.0,1.0,0.0,1.0,1.0
433,434,3,0,0,3,0,0,0,0,0,0,0,1.0,0.0,1.0,0.0,1.0,1.0
434,435,3,0,0,3,0,0,0,0,0,0,0,1.0,0.0,1.0,0.0,1.0,1.0
435,436,3,0,0,3,0,0,0,0,0,0,0,1.0,0.0,1.0,0.0,1.0,1.0
436,437,3,0,0,3,0,0,0,0,0,0,0,1.0,0.0,1.0,0.0,1.0,1.0
437,438,3,0,0,3,0,0,0,0,0,0,0,1.0,0.0,1.0,0.0,1.0,1.0
438,439,3,0,0,3,0,0,0,0,0,0,0,1.0,0.0,1.0,0.0,1.0,1.0
439,440,3,0,0,3,0,0,0,0,0,0,0,1.0,0.0,1.0,0.0,1.0,1.0
440,441,3,0,0,3,0,0,0,0,0,0,0,1.0,0.0,1.0,0.0,1.0,1.0
441,442,3,0,0,3,0,0,0,0,0,0,0,1.0,0.0,1.0,0.0,1.0,1.0
442,443,3,0,0,3,0,0,0,0,0,0,0,1.0,0.0,1.0,0.0,1.0,1.0
443,444,3,0,0,3,0,0,0,0,0,0,0,1.0,0.0,1.0,0.0,1.0,1.0
444,445,3,0,0,3,0,0,0,0,0,0,0,1.0,0.0,1.0,0.0,1.0,1.0
445,446,3,0,0,3,0,0,0,0,0,0,0,1.0,0.0,1.0,0.0,1.0,1.0
446,447,3,0,0,3,0,0,0,0,0,0,0,1.0,0.0,1.0,0.0,1.0,1.0
447,448,3,0,0,3,0,0,0,0,0,0,0,1.0,0.0,1.0,0.0,1.0,1.0
448,449,3,0,0,3,0,0,0,0,0,0,0,1.0,0.0,1.0,0.0,1.0,1.0
449,450,3,0,0,3,0,0,0,0,0,0,0,1.0,0.0,1.0,0.0,1.0,1.0
450,451,3,0,0,3,0,0,0,0,0,0,0,1.0,0.0,1.0,0.0,1.0,1.0
451,452,3,0,0,3,0,0,0,0,0,0,0,1.0,0.0,1.0,0.0,1.0,1.0
452,453,3,0,0,3,0,0,0,0,0,0,0,1.0,0.0,1.0,0.0,1.0,1.0
453,454,3,0,0,3,0,0,0,0,0,0,0,1.0,0.0,1.0,0.0,1.0,1.0
454,455,3,0,0,3,0,0,0,0,0,0,0,1.0,0.0,1.0,0.0,1.0,1.0
455,456,3,0,0,3,0,0,0,0,0,0,0,1.0,0.0,1.0,0.0,1.0,1.0
456,457,3,0,0,3,0,0,0,0,0,0,0,1.0,0.0,1.0,0.0,1.0,1.0
457,458,3,2,1,3,0,0,0,2,1,0,0,1.0,0.0,0.0,0.0,0.0,
458,459,3,2,1,3,0,0,0,2,1,0,0,1.0,0.0,0.0,0.0,0.0,
459,460,3,2,1,3,0,0,0,2,1,0,0,1.0,0.0,0.0,0.0,0.0,
460,461,3,2,1,2,0,0,1,2,1,1,0,0.6666666666666666,0.3333333333333333,0.0,0.0,0.0,
461,462,3,2,1,3,0,0,0,2,1,0,0,1.0,0.0,0.0,0.0,0.0,
462,463,4,2,1,3,2,1,1,0,0,1,0,0.75,0.25,1.0,0.0,1.0,
463,464,4,2,1,4,2,1,0,0,0,0,0,1.0,0.0,1.0,0.0,1.0,
464,465,4,0,0,4,2,1,0,-2,-1,0,0,1.0,0.0,0.0,0.0,0.0,
465,466,4,0,0,4,0,0,0,0,0,0,0,1.0,0.0,1.0,0.0,1.0,1.0
466,467,4,0,0,4,0,0,0,0,0,0,0,1.0,0.0,1.0,0.0,1.0,1.0
467,468,4,0,0,4,0,0,0,0,0,0,0,1.0,0.0,1.0,0.0,1.0,1.0
468,469,4,0,0,4,0,0,0,0,0,0,0,1.0,0.0,1.0,0.0,1.0,1.0
469,470,4,0,0,4,0,0,0,0,0,0,0,1.0,0.0,1.0,0.0,1.0,1.0
470,471,4,2,1,4,0,0,0,2,1,0,0,1.0,0.0,0.0,0.0,0.0,
471,472,4,2,1,3,0,0,1,2,1,1,0,0.75,0.25,0.0,0.0,0.0,
472,473,4,2,1,3,0,0,1,2,1,1,0,0.75,0.25,0.0,0.0,0.0,
473,474,4,2,1,4,2,1,0,0,0,0,0,1.0,0.0,1.0,0.0,1.0,
474,475,4,2,1,4,2,1,0,0,0,0,0,1.0,0.0,1.0,0.0,1.0,
475,476,4,2,1,3,0,0,1,2,1,1,0,0.75,0.25,0.0,0.0,0.0,
476,477,4,0,0,3,0,0,1,0,0,1,0,0.75,0.25,1.0,0.0,1.0,1.0
477,478,4,0,0,3,0,0,1,0,0,1,0,0.75,0.25,1.0,0.0,1.0,1.0
478,479,4,0,0,3,0,0,1,0,0,1,0,0.75,0.25,1.0,0.0,1.0,1.0
479,480,4,0,0,3,0,0,1,0,0,1,0,0.75,0.25,1.0,0.0,1.0,1.0
480,481,4,2,1,4,2,1,0,0,0,0,0,1.0,0.0,1.0,0.0,1.0,
481,482,4,2,1,4,2,1,0,0,0,0,0,1.0,0.0,1.0,0.0,1.0,
482,483,4,2,1,4,2,1,0,0,0,0,0,1.0,0.0,1.0,0.0,1.0,
483,484,4,2,1,3,0,0,1,2,1,1,0,0.75,0.25,0.0,0.0,0.0,
484,485,4,2,1,3,0,0,1,2,1,1,0,0.75,0.25,0.0,0.0,0.0,
485,486,4,2,1,3,0,0,1,2,1,1,0,0.75,0.25,0.0,0.0,0.0,
486,487,4,2,1,4,2,1,0,0,0,0,0,1.0,0.0,1.0,0.0,1.0,
487,488,4,2,1,4,2,1,0,0,0,0,0,1.0,0.0,1.0,0.0,1.0,
488,489,4,2,1,4,2,1,0,0,0,0,0,1.0,0.0,1.0,0.0,1.0,
489,490,4,3,1,4,0,0,0,3,1,0,0,1.0,0.0,0.0,0.0,0.0,
490,491,4,3,1,4,0,0,0,3,1,0,0,1.0,0.0,0.0,0.0,0.0,
491,492,4,3,1,4,0,0,0,3,1,0,0,1.0,0.0,0.0,0.0,0.0,
492,493,4,3,1,4,0,0,0,3,1,0,0,1.0,0.0,0.0,0.0,0.0,
493,494,4,3,1,4,0,0,0,3,1,0,0,1.0,0.0,0.0,0.0,0.0,
494,495,4,3,1,4,2,1,0,1,0,0,0,1.0,0.0,1.0,0.0,0.6666666666666666,
495,496,4,3,1,4,2,1,0,1,0,0,0,1.0,0.0,1.0,0.0,0.6666666666666666,
496,497,4,3,1,4,2,1,0,1,0,0,0,1.0,0.0,1.0,0.0,0.6666666666666666,
497,498,4,2,1,4,2,1,0,0,0,0,0,1.0,0.0,1.0,0.0,1.0,
498,499,4,2,1,3,0,0,1,2,1,1,0,0.75,0.25,0.0,0.0,0.0,
499,500,4,2,1,3,0,0,1,2,1,1,0,0.75,0.25,0.0,0.0,0.0,
500,501,4,2,1,3,0,0,1,2,1,1,0,0.75,0.25,0.0,0.0,0.0,
501,502,4,2,1,5,3,1,-1,-1,0,0,1,1.25,0.0,1.0,0.25,1.5,
502,503,4,2,1,4,2,1,0,0,0,0,0,1.0,0.0,1.0,0.0,1.0,
503,504,4,2,1,6,2,1,-2,0,0,0,2,1.5,0.0,1.0,0.5,1.0,
504,505,4,2,1,5,0,0,-1,2,1,0,1,1.25,0.0,0.0,0.25,0.0,
505,506,5,2,1,5,0,0,0,2,1,0,0,1.0,0.0,0.0,0.0,0.0,
506,507,7,2,1,5,0,0,2,2,1,2,0,0.7142857142857143,0.2857142857142857,0.0,0.0,0.0,
507,508,7,4,2,5,0,0,2,4,2,2,0,0.7142857142857143,0.2857142857142857,0.0,0.0,0.0,
508,509,7,2,1,6,0,0,1,2,1,1,0,0.8571428571428571,0.14285714285714285,0.0,0.0,0.0,
509,510,7,2,1,7,2,1,0,0,0,0,0,1.0,0.0,1.0,0.0,1.0,
510,511,7,2,1,6,0,0,1,2,1,1,0,0.8571428571428571,0.14285714285714285,0.0,0.0,0.0,
511,512,7,2,1,8,3,1,-1,-1,0,0,1,1.1428571428571428,0.0,1.0,0.14285714285714285,1.5,
512,513,7,2,1,7,2,1,0,0,0,0,0,1.0,0.0,1.0,0.0,1.0,
513,514,7,2,1,7,2,1,0,0,0,0,0,1.0,0.0,1.0,0.0,1.0,
514,515,7,2,1,7,2,1,0,0,0,0,0,1.0,0.0,1.0,0.0,1.0,
515,516,7,2,1,6,0,0,1,2,1,1,0,0.8571428571428571,0.14285714285714285,0.0,0.0,0.0,
516,517,7,2,1,6,0,0,1,2,1,1,0,0.8571428571428571,0.14285714285714285,0.0,0.0,0.0,
517,518,7,2,1,6,0,0,1,2,1,1,0,0.8571428571428571,0.14285714285714285,0.0,0.0,0.0,
518,519,7,2,1,7,2,1,0,0,0,0,0,1.0,0.0,1.0,0.0,1.0,
519,520,6,2,1,5,0,0,1,2,1,1,0,0.8333333333333334,0.16666666666666666,0.0,0.0,0.0,
520,521,6,2,1,6,0,0,0,2,1,0,0,1.0,0.0,0.0,0.0,0.0,
521,522,6,2,1,5,0,0,1,2,1,1,0,0.8333333333333334,0.16666666666666666,0.0,0.0,0.0,
522,523,6,2,1,5,0,0,1,2,1,1,0,0.8333333333333334,0.16666666666666666,0.0,0.0,0.0,
523,524,6,2,1,5,0,0,1,2,1,1,0,0.8333333333333334,0.16666666666666666,0.0,0.0,0.0,
524,525,6,2,1,5,0,0,1,2,1,1,0,0.8333333333333334,0.16666666666666666,0.0,0.0,0.0,
525,526,6,2,1,4,0,0,2,2,1,2,0,0.6666666666666666,0.3333333333333333,0.0,0.0,0.0,
526,527,6,2,1,5,0,0,1,2,1,1,0,0.8333333333333334,0.16666666666666666,0.0,0.0,0.0,
527,528,6,2,1,4,0,0,2,2,1,2,0,0.6666666666666666,0.3333333333333333,0.0,0.0,0.0,
528,529,6,2,1,5,0,0,1,2,1,1,0,0.8333333333333334,0.16666666666666666,0.0,0.0,0.0,
529,530,6,2,1,5,0,0,1,2,1,1,0,0.8333333333333334,0.16666666666666666,0.0,0.0,0.0,
530,531,6,2,1,6,2,1,0,0,0,0,0,1.0,0.0,1.0,0.0,1.0,
531,532,6,2,1,6,2,1,0,0,0,0,0,1.0,0.0,1.0,0.0,1.0,
532,533,6,2,1,6,2,1,0,0,0,0,0,1.0,0.0,1.0,0.0,1.0,
533,534,6,2,1,6,2,1,0,0,0,0,0,1.0,0.0,1.0,0.0,1.0,
534,535,6,2,1,7,3,1,-1,-1,0,0,1,1.1666666666666667,0.0,1.0,0.16666666666666666,1.5,
535,536,6,2,1,6,0,0,0,2,1,0,0,1.0,0.0,0.0,0.0,0.0,
536,537,6,2,1,6,0,0,0,2,1,0,0,1.0,0.0,0.0,0.0,0.0,
537,538,6,2,1,6,0,0,0,2,1,0,0,1.0,0.0,0.0,0.0,0.0,
538,539,6,2,1,6,0,0,0,2,1,0,0,1.0,0.0,0.0,0.0,0.0,
539,540,6,2,1,6,0,0,0,2,1,0,0,1.0,0.0,0.0,0.0,0.0,
540,541,6,2,1,6,0,0,0,2,1,0,0,1.0,0.0,0.0,0.0,0.0,
541,542,6,2,1,6,0,0,0,2,1,0,0,1.0,0.0,0.0,0.0,0.0,
542,543,6,2,1,6,0,0,0,2,1,0,0,1.0,0.0,0.0,0.0,0.0,
543,544,6,2,1,6,0,0,0,2,1,0,0,1.0,0.0,0.0,0.0,0.0,
544,545,6,2,1,6,0,0,0,2,1,0,0,1.0,0.0,0.0,0.0,0.0,
545,546,6,2,1,5,0,0,1,2,1,1,0,0.8333333333333334,0.16666666666666666,0.0,0.0,0.0,
546,547,6,2,1,5,0,0,1,2,1,1,0,0.8333333333333334,0.16666666666666666,0.0,0.0,0.0,
547,548,6,2,1,5,0,0,1,2,1,1,0,0.8333333333333334,0.16666666666666666,0.0,0.0,0.0,
548,549,6,2,1,5,0,0,1,2,1,1,0,0.8333333333333334,0.16666666666666666,0.0,0.0,0.0,
549,550,6,2,1,5,0,0,1,2,1,1,0,0.8333333333333334,0.16666666666666666,0.0,0.0,0.0,
550,551,6,2,1,5,0,0,1,2,1,1,0,0.8333333333333334,0.16666666666666666,0.0,0.0,0.0,
551,552,6,2,1,5,0,0,1,2,1,1,0,0.8333333333333334,0.16666666666666666,0.0,0.0,0.0,
552,553,6,2,1,5,0,0,1,2,1,1,0,0.8333333333333334,0.16666666666666666,0.0,0.0,0.0,
553,554,6,2,1,6,0,0,0,2,1,0,0,1.0,0.0,0.0,0.0,0.0,
554,555,6,2,1,6,0,0,0,2,1,0,0,1.0,0.0,0.0,0.0,0.0,
555,556,6,2,1,6,0,0,0,2,1,0,0,1.0,0.0,0.0,0.0,0.0,
556,557,6,2,1,6,0,0,0,2,1,0,0,1.0,0.0,0.0,0.0,0.0,
557,558,6,2,1,6,0,0,0,2,1,0,0,1.0,0.0,0.0,0.0,0.0,
558,559,6,2,1,6,0,0,0,2,1,0,0,1.0,0.0,0.0,0.0,0.0,
559,560,6,2,1,6,0,0,0,2,1,0,0,1.0,0.0,0.0,0.0,0.0,
560,561,6,2,1,6,0,0,0,2,1,0,0,1.0,0.0,0.0,0.0,0.0,
561,562,6,2,1,5,0,0,1,2,1,1,0,0.8333333333333334,0.16666666666666666,0.0,0.0,0.0,
562,563,6,2,1,5,0,0,1,2,1,1,0,0.8333333333333334,0.16666666666666666,0.0,0.0,0.0,
563,564,6,2,1,5,0,0,1,2,1,1,0,0.8333333333333334,0.16666666666666666,0.0,0.0,0.0,
564,565,6,2,1,5,0,0,1,2,1,1,0,0.8333333333333334,0.16666666666666666,0.0,0.0,0.0,
565,566,6,2,1,5,0,0,1,2,1,1,0,0.8333333333333334,0.16666666666666666,0.0,0.0,0.0,
566,567,6,0,0,6,0,0,0,0,0,0,0,1.0,0.0,1.0,0.0,1.0,1.0
567,568,6,0,0,6,0,0,0,0,0,0,0,1.0,0.0,1.0,0.0,1.0,1.0
568,569,6,0,0,6,0,0,0,0,0,0,0,1.0,0.0,1.0,0.0,1.0,1.0
569,570,6,0,0,6,0,0,0,0,0,0,0,1.0,0.0,1.0,0.0,1.0,1.0
570,571,7,0,0,7,0,0,0,0,0,0,0,1.0,0.0,1.0,0.0,1.0,1.0
571,572,7,0,0,7,0,0,0,0,0,0,0,1.0,0.0,1.0,0.0,1.0,1.0
572,573,7,0,0,7,0,0,0,0,0,0,0,1.0,0.0,1.0,0.0,1.0,1.0
573,574,7,0,0,7,0,0,0,0,0,0,0,1.0,0.0,1.0,0.0,1.0,1.0
574,575,7,0,0,8,2,1,-1,-2,-1,0,1,1.1428571428571428,0.0,0.0,0.14285714285714285,0.0,
575,576,6,0,0,9,3,1,-3,-3,-1,0,3,1.5,0.0,0.0,0.5,0.0,
576,577,6,0,0,7,0,0,-1,0,0,0,1,1.1666666666666667,0.0,1.0,0.16666666666666666,1.0,1.0
577,578,6,0,0,7,0,0,-1,0,0,0,1,1.1666666666666667,0.0,1.0,0.16666666666666666,1.0,1.0
578,579,6,0,0,7,0,0,-1,0,0,0,1,1.1666666666666667,0.0,1.0,0.16666666666666666,1.0,1.0
579,580,6,0,0,6,0,0,0,0,0,0,0,1.0,0.0,1.0,0.0,1.0,1.0
580,581,6,0,0,6,0,0,0,0,0,0,0,1.0,0.0,1.0,0.0,1.0,1.0
581,582,6,0,0,6,0,0,0,0,0,0,0,1.0,0.0,1.0,0.0,1.0,1.0
582,583,6,0,0,6,0,0,0,0,0,0,0,1.0,0.0,1.0,0.0,1.0,1.0
583,584,6,0,0,6,0,0,0,0,0,0,0,1.0,0.0,1.0,0.0,1.0,1.0
584,585,6,0,0,6,0,0,0,0,0,0,0,1.0,0.0,1.0,0.0,1.0,1.0
585,586,6,0,0,6,0,0,0,0,0,0,0,1.0,0.0,1.0,0.0,1.0,1.0
586,587,6,0,0,6,0,0,0,0,0,0,0,1.0,0.0,1.0,0.0,1.0,1.0
587,588,6,0,0,6,0,0,0,0,0,0,0,1.0,0.0,1.0,0.0,1.0,1.0
588,589,6,0,0,6,0,0,0,0,0,0,0,1.0,0.0,1.0,0.0,1.0,1.0
589,590,6,2,1,6,2,1,0,0,0,0,0,1.0,0.0,1.0,0.0,1.0,
590,591,6,2,1,5,0,0,1,2,1,1,0,0.8333333333333334,0.16666666666666666,0.0,0.0,0.0,
591,592,6,2,1,6,2,1,0,0,0,0,0,1.0,0.0,1.0,0.0,1.0,
592,593,6,0,0,6,2,1,0,-2,-1,0,0,1.0,0.0,0.0,0.0,0.0,
593,594,6,0,0,6,0,0,0,0,0,0,0,1.0,0.0,1.0,0.0,1.0,1.0
594,595,6,0,0,6,0,0,0,0,0,0,0,1.0,0.0,1.0,0.0,1.0,1.0
595,596,6,0,0,6,0,0,0,0,0,0,0,1.0,0.0,1.0,0.0,1.0,1.0
596,597,6,0,0,6,0,0,0,0,0,0,0,1.0,0.0,1.0,0.0,1.0,1.0
597,598,6,0,0,6,0,0,0,0,0,0,0,1.0,0.0,1.0,0.0,1.0,1.0
598,599,6,0,0,6,0,0,0,0,0,0,0,1.0,0.0,1.0,0.0,1.0,1.0
599,600,6,0,0,6,0,0,0,0,0,0,0,1.0,0.0,1.0,0.0,1.0,1.0
600,601,6,0,0,6,0,0,0,0,0,0,0,1.0,0.0,1.0,0.0,1.0,1.0
601,602,6,0,0,6,0,0,0,0,0,0,0,1.0,0.0,1.0,0.0,1.0,1.0
602,603,6,0,0,6,0,0,0,0,0,0,0,1.0,0.0,1.0,0.0,1.0,1.0
603,604,6,0,0,6,0,0,0,0,0,0,0,1.0,0.0,1.0,0.0,1.0,1.0
604,605,6,0,0,6,0,0,0,0,0,0,0,1.0,0.0,1.0,0.0,1.0,1.0
605,606,6,0,0,7,0,0,-1,0,0,0,1,1.1666666666666667,0.0,1.0,0.16666666666666666,1.0,1.0
606,607,6,0,0,7,0,0,-1,0,0,0,1,1.1666666666666667,0.0,1.0,0.16666666666666666,1.0,1.0
607,608,6,0,0,7,0,0,-1,0,0,0,1,1.1666666666666667,0.0,1.0,0.16666666666666666,1.0,1.0
608,609,6,0,0,7,0,0,-1,0,0,0,1,1.1666666666666667,0.0,1.0,0.16666666666666666,1.0,1.0
609,610,6,0,0,8,2,1,-2,-2,-1,0,2,1.3333333333333333,0.0,0.0,0.3333333333333333,0.0,
610,611,6,0,0,7,0,0,-1,0,0,0,1,1.1666666666666667,0.0,1.0,0.16666666666666666,1.0,1.0
611,612,6,0,0,8,2,1,-2,-2,-1,0,2,1.3333333333333333,0.0,0.0,0.3333333333333333,0.0,
612,613,6,0,0,7,0,0,-1,0,0,0,1,1.1666666666666667,0.0,1.0,0.16666666666666666,1.0,1.0
613,614,6,0,0,7,0,0,-1,0,0,0,1,1.1666666666666667,0.0,1.0,0.16666666666666666,1.0,1.0
614,615,7,0,0,7,0,0,0,0,0,0,0,1.0,0.0,1.0,0.0,1.0,1.0
615,616,7,0,0,7,0,0,0,0,0,0,0,1.0,0.0,1.0,0.0,1.0,1.0
616,617,7,0,0,7,0,0,0,0,0,0,0,1.0,0.0,1.0,0.0,1.0,1.0
617,618,7,0,0,6,0,0,1,0,0,1,0,0.8571428571428571,0.14285714285714285,1.0,0.0,1.0,1.0
618,619,7,0,0,6,0,0,1,0,0,1,0,0.8571428571428571,0.14285714285714285,1.0,0.0,1.0,1.0
619,620,7,0,0,6,0,0,1,0,0,1,0,0.8571428571428571,0.14285714285714285,1.0,0.0,1.0,1.0
620,621,7,0,0,6,2,1,1,-2,-1,1,0,0.8571428571428571,0.14285714285714285,0.0,0.0,0.0,
621,622,6,2,1,6,2,1,0,0,0,0,0,1.0,0.0,1.0,0.0,1.0,
622,623,6,2,1,6,4,2,0,-2,-1,0,0,1.0,0.0,2.0,0.0,2.0,
623,624,6,2,1,5,0,0,1,2,1,1,0,0.8333333333333334,0.16666666666666666,0.0,0.0,0.0,
624,625,6,2,1,5,2,1,1,0,0,1,0,0.8333333333333334,0.16666666666666666,1.0,0.0,1.0,
625,626,6,2,1,5,2,1,1,0,0,1,0,0.8333333333333334,0.16666666666666666,1.0,0.0,1.0,
626,627,6,2,1,7,5,2,-1,-3,-1,0,1,1.1666666666666667,0.0,2.0,0.16666666666666666,2.5,
627,628,6,0,0,5,2,1,1,-2,-1,1,0,0.8333333333333334,0.16666666666666666,0.0,0.0,0.0,
628,629,6,0,0,4,0,0,2,0,0,2,0,0.6666666666666666,0.3333333333333333,1.0,0.0,1.0,1.0
629,630,6,0,0,4,0,0,2,0,0,2,0,0.6666666666666666,0.3333333333333333,1.0,0.0,1.0,1.0
630,631,6,0,0,4,0,0,2,0,0,2,0,0.6666666666666666,0.3333333333333333,1.0,0.0,1.0,1.0
631,632,6,0,0,5,0,0,1,0,0,1,0,0.8333333333333334,0.16666666666666666,1.0,0.0,1.0,1.0
632,633,6,0,0,5,0,0,1,0,0,1,0,0.8333333333333334,0.16666666666666666,1.0,0.0,1.0,1.0
633,634,6,0,0,5,0,0,1,0,0,1,0,0.8333333333333334,0.16666666666666666,1.0,0.0,1.0,1.0
634,635,6,0,0,6,2,1,0,-2,-1,0,0,1.0,0.0,0.0,0.0,0.0,
635,636,6,0,0,6,2,1,0,-2,-1,0,0,1.0,0.0,0.0,0.0,0.0,
636,637,6,0,0,6,2,1,0,-2,-1,0,0,1.0,0.0,0.0,0.0,0.0,
637,638,6,0,0,6,2,1,0,-2,-1,0,0,1.0,0.0,0.0,0.0,0.0,
638,639,6,0,0,6,0,0,0,0,0,0,0,1.0,0.0,1.0,0.0,1.0,1.0
639,640,6,0,0,6,0,0,0,0,0,0,0,1.0,0.0,1.0,0.0,1.0,1.0
640,641,6,0,0,6,0,0,0,0,0,0,0,1.0,0.0,1.0,0.0,1.0,1.0
641,642,6,0,0,6,0,0,0,0,0,0,0,1.0,0.0,1.0,0.0,1.0,1.0
642,643,6,0,0,6,0,0,0,0,0,0,0,1.0,0.0,1.0,0.0,1.0,1.0
643,644,6,0,0,6,0,0,0,0,0,0,0,1.0,0.0,1.0,0.0,1.0,1.0
644,645,6,0,0,6,0,0,0,0,0,0,0,1.0,0.0,1.0,0.0,1.0,1.0
645,646,6,0,0,6,0,0,0,0,0,0,0,1.0,0.0,1.0,0.0,1.0,1.0
646,647,6,0,0,6,0,0,0,0,0,0,0,1.0,0.0,1.0,0.0,1.0,1.0
647,648,6,0,0,6,0,0,0,0,0,0,0,1.0,0.0,1.0,0.0,1.0,1.0
648,649,6,0,0,6,0,0,0,0,0,0,0,1.0,0.0,1.0,0.0,1.0,1.0
649,650,6,0,0,6,0,0,0,0,0,0,0,1.0,0.0,1.0,0.0,1.0,1.0
650,651,6,0,0,6,0,0,0,0,0,0,0,1.0,0.0,1.0,0.0,1.0,1.0
651,652,6,0,0,6,0,0,0,0,0,0,0,1.0,0.0,1.0,0.0,1.0,1.0
652,653,6,0,0,6,0,0,0,0,0,0,0,1.0,0.0,1.0,0.0,1.0,1.0
653,654,6,0,0,6,0,0,0,0,0,0,0,1.0,0.0,1.0,0.0,1.0,1.0
654,655,6,0,0,6,0,0,0,0,0,0,0,1.0,0.0,1.0,0.0,1.0,1.0
655,656,7,0,0,7,0,0,0,0,0,0,0,1.0,0.0,1.0,0.0,1.0,1.0
656,657,7,0,0,7,0,0,0,0,0,0,0,1.0,0.0,1.0,0.0,1.0,1.0
657,658,7,2,1,7,2,1,0,0,0,0,0,1.0,0.0,1.0,0.0,1.0,
658,659,7,2,1,7,2,1,0,0,0,0,0,1.0,0.0,1.0,0.0,1.0,
659,660,7,2,1,6,0,0,1,2,1,1,0,0.8571428571428571,0.14285714285714285,0.0,0.0,0.0,
660,661,7,2,1,6,0,0,1,2,1,1,0,0.8571428571428571,0.14285714285714285,0.0,0.0,0.0,
661,662,7,2,1,6,0,0,1,2,1,1,0,0.8571428571428571,0.14285714285714285,0.0,0.0,0.0,
662,663,7,2,1,7,2,1,0,0,0,0,0,1.0,0.0,1.0,0.0,1.0,
663,664,7,2,1,7,2,1,0,0,0,0,0,1.0,0.0,1.0,0.0,1.0,
664,665,7,0,0,7,0,0,0,0,0,0,0,1.0,0.0,1.0,0.0,1.0,1.0
665,666,7,0,0,7,0,0,0,0,0,0,0,1.0,0.0,1.0,0.0,1.0,1.0
666,667,7,0,0,7,0,0,0,0,0,0,0,1.0,0.0,1.0,0.0,1.0,1.0
667,668,7,0,0,7,2,1,0,-2,-1,0,0,1.0,0.0,0.0,0.0,0.0,
668,669,7,2,1,7,2,1,0,0,0,0,0,1.0,0.0,1.0,0.0,1.0,
669,670,7,2,1,7,2,1,0,0,0,0,0,1.0,0.0,1.0,0.0,1.0,
670,671,7,2,1,6,0,0,1,2,1,1,0,0.8571428571428571,0.14285714285714285,0.0,0.0,0.0,
671,672,7,2,1,6,0,0,1,2,1,1,0,0.8571428571428571,0.14285714285714285,0.0,0.0,0.0,
672,673,7,2,1,6,0,0,1,2,1,1,0,0.8571428571428571,0.14285714285714285,0.0,0.0,0.0,
673,674,7,2,1,7,2,1,0,0,0,0,0,1.0,0.0,1.0,0.0,1.0,
674,675,7,2,1,7,2,1,0,0,0,0,0,1.0,0.0,1.0,0.0,1.0,
675,676,7,0,0,7,0,0,0,0,0,0,0,1.0,0.0,1.0,0.0,1.0,1.0
676,677,7,0,0,7,0,0,0,0,0,0,0,1.0,0.0,1.0,0.0,1.0,1.0
677,678,7,0,0,7,0,0,0,0,0,0,0,1.0,0.0,1.0,0.0,1.0,1.0
678,679,7,0,0,7,0,0,0,0,0,0,0,1.0,0.0,1.0,0.0,1.0,1.0
679,680,7,0,0,7,0,0,0,0,0,0,0,1.0,0.0,1.0,0.0,1.0,1.0
680,681,7,1,2,7,2,1,0,-1,1,0,0,1.0,0.0,0.5,0.0,2.0,
681,682,7,1,2,7,2,1,0,-1,1,0,0,1.0,0.0,0.5,0.0,2.0,
682,683,7,1,2,7,2,1,0,-1,1,0,0,1.0,0.0,0.5,0.0,2.0,
683,684,7,1,2,6,0,0,1,1,2,1,0,0.8571428571428571,0.14285714285714285,0.0,0.0,0.0,
684,685,7,1,2,6,0,0,1,1,2,1,0,0.8571428571428571,0.14285714285714285,0.0,0.0,0.0,
685,686,7,1,2,6,2,1,1,-1,1,1,0,0.8571428571428571,0.14285714285714285,0.5,0.0,2.0,
686,687,7,1,2,6,2,1,1,-1,1,1,0,0.8571428571428571,0.14285714285714285,0.5,0.0,2.0,
687,688,7,0,0,6,0,0,1,0,0,1,0,0.8571428571428571,0.14285714285714285,1.0,0.0,1.0,1.0
688,689,7,0,0,7,0,0,0,0,0,0,0,1.0,0.0,1.0,0.0,1.0,1.0
689,690,7,2,1,7,2,1,0,0,0,0,0,1.0,0.0,1.0,0.0,1.0,
690,691,8,2,1,8,2,1,0,0,0,0,0,1.0,0.0,1.0,0.0,1.0,
691,692,8,2,1,7,0,0,1,2,1,1,0,0.875,0.125,0.0,0.0,0.0,
692,693,8,2,1,7,0,0,1,2,1,1,0,0.875,0.125,0.0,0.0,0.0,
693,694,8,2,1,7,0,0,1,2,1,1,0,0.875,0.125,0.0,0.0,0.0,
694,695,8,2,1,7,0,0,1,2,1,1,0,0.875,0.125,0.0,0.0,0.0,
695,696,8,2,1,7,0,0,1,2,1,1,0,0.875,0.125,0.0,0.0,0.0,
696,697,8,0,0,8,2,1,0,-2,-1,0,0,1.0,0.0,0.0,0.0,0.0,
697,698,8,0,0,7,0,0,1,0,0,1,0,0.875,0.125,1.0,0.0,1.0,1.0
698,699,8,0,0,7,0,0,1,0,0,1,0,0.875,0.125,1.0,0.0,1.0,1.0
699,700,8,0,0,7,0,0,1,0,0,1,0,0.875,0.125,1.0,0.0,1.0,1.0
700,701,8,0,0,7,0,0,1,0,0,1,0,0.875,0.125,1.0,0.0,1.0,1.0
701,702,8,0,0,7,0,0,1,0,0,1,0,0.875,0.125,1.0,0.0,1.0,1.0
702,703,8,0,0,7,0,0,1,0,0,1,0,0.875,0.125,1.0,0.0,1.0,1.0
703,704,8,0,0,7,0,0,1,0,0,1,0,0.875,0.125,1.0,0.0,1.0,1.0
704,705,8,0,0,7,0,0,1,0,0,1,0,0.875,0.125,1.0,0.0,1.0,1.0
705,706,8,0,0,8,2,1,0,-2,-1,0,0,1.0,0.0,0.0,0.0,0.0,
706,707,8,0,0,7,4,2,1,-4,-2,1,0,0.875,0.125,0.0,0.0,0.0,
707,708,8,0,0,7,2,1,1,-2,-1,1,0,0.875,0.125,0.0,0.0,0.0,
708,709,8,0,0,6,0,0,2,0,0,2,0,0.75,0.25,1.0,0.0,1.0,1.0
709,710,8,0,0,7,2,1,1,-2,-1,1,0,0.875,0.125,0.0,0.0,0.0,
710,711,8,0,0,7,2,1,1,-2,-1,1,0,0.875,0.125,0.0,0.0,0.0,
711,712,8,0,0,7,0,0,1,0,0,1,0,0.875,0.125,1.0,0.0,1.0,1.0
712,713,8,0,0,7,0,0,1,0,0,1,0,0.875,0.125,1.0,0.0,1.0,1.0
713,714,8,0,0,7,0,0,1,0,0,1,0,0.875,0.125,1.0,0.0,1.0,1.0
714,715,8,0,0,8,0,0,0,0,0,0,0,1.0,0.0,1.0,0.0,1.0,1.0
715,716,8,0,0,8,0,0,0,0,0,0,0,1.0,0.0,1.0,0.0,1.0,1.0
716,717,8,0,0,8,0,0,0,0,0,0,0,1.0,0.0,1.0,0.0,1.0,1.0
717,718,8,0,0,8,2,1,0,-2,-1,0,0,1.0,0.0,0.0,0.0,0.0,
718,719,8,2,1,8,2,1,0,0,0,0,0,1.0,0.0,1.0,0.0,1.0,
719,720,8,2,1,8,2,1,0,0,0,0,0,1.0,0.0,1.0,0.0,1.0,
720,721,8,2,1,8,2,1,0,0,0,0,0,1.0,0.0,1.0,0.0,1.0,
721,722,8,4,2,8,4,2,0,0,0,0,0,1.0,0.0,1.0,0.0,1.0,
722,723,8,4,2,8,4,2,0,0,0,0,0,1.0,0.0,1.0,0.0,1.0,
723,724,8,4,2,8,5,2,0,-1,0,0,0,1.0,0.0,1.0,0.0,1.25,
724,725,8,3,1,7,2,1,1,1,0,1,0,0.875,0.125,1.0,0.0,0.6666666666666666,
725,726,8,3,1,6,0,0,2,3,1,2,0,0.75,0.25,0.0,0.0,0.0,
726,727,8,3,1,6,2,1,2,1,0,2,0,0.75,0.25,1.0,0.0,0.6666666666666666,
727,728,8,3,1,6,2,1,2,1,0,2,0,0.75,0.25,1.0,0.0,0.6666666666666666,
728,729,9,5,2,7,6,3,2,-1,-1,2,0,0.7777777777777778,0.2222222222222222,1.5,0.0,1.2,
729,730,9,5,2,7,2,1,2,3,1,2,0,0.7777777777777778,0.2222222222222222,0.5,0.0,0.4,
730,731,9,5,2,7,2,1,2,3,1,2,0,0.7777777777777778,0.2222222222222222,0.5,0.0,0.4,
731,732,9,5,2,7,5,2,2,0,0,2,0,0.7777777777777778,0.2222222222222222,1.0,0.0,1.0,
732,733,9,5,2,8,2,1,1,3,1,1,0,0.8888888888888888,0.1111111111111111,0.5,0.0,0.4,
733,734,9,2,1,8,2,1,1,0,0,1,0,0.8888888888888888,0.1111111111111111,1.0,0.0,1.0,
734,735,9,0,0,8,0,0,1,0,0,1,0,0.8888888888888888,0.1111111111111111,1.0,0.0,1.0,1.0
735,736,9,0,0,8,0,0,1,0,0,1,0,0.8888888888888888,0.1111111111111111,1.0,0.0,1.0,1.0
736,737,9,0,0,8,0,0,1,0,0,1,0,0.8888888888888888,0.1111111111111111,1.0,0.0,1.0,1.0
737,738,9,0,0,8,0,0,1,0,0,1,0,0.8888888888888888,0.1111111111111111,1.0,0.0,1.0,1.0
738,739,9,0,0,7,0,0,2,0,0,2,0,0.7777777777777778,0.2222222222222222,1.0,0.0,1.0,1.0
739,740,9,0,0,8,2,1,1,-2,-1,1,0,0.8888888888888888,0.1111111111111111,0.0,0.0,0.0,
740,741,9,0,0,8,0,0,1,0,0,1,0,0.8888888888888888,0.1111111111111111,1.0,0.0,1.0,1.0
741,742,9,0,0,9,2,1,0,-2,-1,0,0,1.0,0.0,0.0,0.0,0.0,
742,743,9,0,0,9,3,1,0,-3,-1,0,0,1.0,0.0,0.0,0.0,0.0,
743,744,9,0,0,9,3,1,0,-3,-1,0,0,1.0,0.0,0.0,0.0,0.0,
744,745,9,0,0,7,0,0,2,0,0,2,0,0.7777777777777778,0.2222222222222222,1.0,0.0,1.0,1.0
745,746,9,0,0,6,0,0,3,0,0,3,0,0.6666666666666666,0.3333333333333333,1.0,0.0,1.0,1.0
746,747,9,0,0,6,0,0,3,0,0,3,0,0.6666666666666666,0.3333333333333333,1.0,0.0,1.0,1.0
747,748,9,0,0,6,0,0,3,0,0,3,0,0.6666666666666666,0.3333333333333333,1.0,0.0,1.0,1.0
748,749,8,0,0,5,0,0,3,0,0,3,0,0.625,0.375,1.0,0.0,1.0,1.0
749,750,8,0,0,6,0,0,2,0,0,2,0,0.75,0.25,1.0,0.0,1.0,1.0
750,751,8,0,0,8,3,1,0,-3,-1,0,0,1.0,0.0,0.0,0.0,0.0,
751,752,8,0,0,7,2,1,1,-2,-1,1,0,0.875,0.125,0.0,0.0,0.0,
752,753,8,0,0,7,0,0,1,0,0,1,0,0.875,0.125,1.0,0.0,1.0,1.0
753,754,8,0,0,5,2,1,3,-2,-1,3,0,0.625,0.375,0.0,0.0,0.0,
754,755,8,0,0,7,0,0,1,0,0,1,0,0.875,0.125,1.0,0.0,1.0,1.0
755,756,8,0,0,7,2,1,1,-2,-1,1,0,0.875,0.125,0.0,0.0,0.0,
756,757,8,0,0,7,0,0,1,0,0,1,0,0.875,0.125,1.0,0.0,1.0,1.0
757,758,8,0,0,7,0,0,1,0,0,1,0,0.875,0.125,1.0,0.0,1.0,1.0
758,759,8,0,0,7,0,0,1,0,0,1,0,0.875,0.125,1.0,0.0,1.0,1.0
759,760,8,0,0,7,0,0,1,0,0,1,0,0.875,0.125,1.0,0.0,1.0,1.0
760,761,8,0,0,5,0,0,3,0,0,3,0,0.625,0.375,1.0,0.0,1.0,1.0
761,762,8,0,0,6,3,1,2,-3,-1,2,0,0.75,0.25,0.0,0.0,0.0,
762,763,8,0,0,5,0,0,3,0,0,3,0,0.625,0.375,1.0,0.0,1.0,1.0
763,764,8,0,0,5,0,0,3,0,0,3,0,0.625,0.375,1.0,0.0,1.0,1.0
764,765,8,0,0,5,0,0,3,0,0,3,0,0.625,0.375,1.0,0.0,1.0,1.0
765,766,8,0,0,5,2,1,3,-2,-1,3,0,0.625,0.375,0.0,0.0,0.0,
766,767,8,2,1,5,2,1,3,0,0,3,0,0.625,0.375,1.0,0.0,1.0,
767,768,8,2,1,5,2,1,3,0,0,3,0,0.625,0.375,1.0,0.0,1.0,
768,769,8,2,1,4,0,0,4,2,1,4,0,0.5,0.5,0.0,0.0,0.0,
769,770,8,2,1,6,0,0,2,2,1,2,0,0.75,0.25,0.0,0.0,0.0,
770,771,8,2,1,6,0,0,2,2,1,2,0,0.75,0.25,0.0,0.0,0.0,
771,772,8,2,1,7,2,1,1,0,0,1,0,0.875,0.125,1.0,0.0,1.0,
772,773,8,2,1,7,2,1,1,0,0,1,0,0.875,0.125,1.0,0.0,1.0,
773,774,8,2,1,7,2,1,1,0,0,1,0,0.875,0.125,1.0,0.0,1.0,
774,775,8,2,1,7,2,1,1,0,0,1,0,0.875,0.125,1.0,0.0,1.0,
775,776,8,2,1,7,0,0,1,2,1,1,0,0.875,0.125,0.0,0.0,0.0,
776,777,8,2,1,7,0,0,1,2,1,1,0,0.875,0.125,0.0,0.0,0.0,
777,778,8,2,1,6,2,1,2,0,0,2,0,0.75,0.25,1.0,0.0,1.0,
778,779,8,2,1,6,0,0,2,2,1,2,0,0.75,0.25,0.0,0.0,0.0,
779,780,8,2,1,6,0,0,2,2,1,2,0,0.75,0.25,0.0,0.0,0.0,
780,781,8,2,1,6,0,0,2,2,1,2,0,0.75,0.25,0.0,0.0,0.0,
781,782,8,2,1,7,2,1,1,0,0,1,0,0.875,0.125,1.0,0.0,1.0,
782,783,8,0,0,7,0,0,1,0,0,1,0,0.875,0.125,1.0,0.0,1.0,1.0
783,784,8,0,0,7,0,0,1,0,0,1,0,0.875,0.125,1.0,0.0,1.0,1.0
784,785,8,0,0,7,0,0,1,0,0,1,0,0.875,0.125,1.0,0.0,1.0,1.0
785,786,8,0,0,6,0,0,2,0,0,2,0,0.75,0.25,1.0,0.0,1.0,1.0
786,787,8,0,0,7,0,0,1,0,0,1,0,0.875,0.125,1.0,0.0,1.0,1.0
787,788,8,0,0,7,0,0,1,0,0,1,0,0.875,0.125,1.0,0.0,1.0,1.0
788,789,8,0,0,7,0,0,1,0,0,1,0,0.875,0.125,1.0,0.0,1.0,1.0
789,790,8,2,1,6,2,1,2,0,0,2,0,0.75,0.25,1.0,0.0,1.0,
790,791,8,2,1,6,2,1,2,0,0,2,0,0.75,0.25,1.0,0.0,1.0,
791,792,8,2,1,7,2,1,1,0,0,1,0,0.875,0.125,1.0,0.0,1.0,
792,793,8,2,1,7,2,1,1,0,0,1,0,0.875,0.125,1.0,0.0,1.0,
793,794,8,2,1,7,4,2,1,-2,-1,1,0,0.875,0.125,2.0,0.0,2.0,
794,795,8,2,1,7,2,1,1,0,0,1,0,0.875,0.125,1.0,0.0,1.0,
